연번,지자체명,세부사업명,예산(백만원)
1,강원,소상공인경영안정자금이자지원추진,10684.939
2,강원,유통업활성화추진,114.0
3,강원,재해소상공인이자지원추진,850.188
4,강원,관광사업체활성화지원,270.0
5,강원,강원경제선도중소기업발굴육성지원,146.0
6,강원,공예산업육성및브랜드화,60.0
7,강원,마케팅역량강화및제품경쟁력제고,373.7
8,강원,중소기업간네트워크구축및혁신활동지원,35.8
9,강원,중소기업경영활성화시책추진,279.89
10,강원,중소기업육성자금이자지원,23421.0
11,강원,창업보육센터특성화육성,605.0
12,강원,특수목적지원자금운영,25000.0
13,강원,축산물작업장위생설비개선지원,121.5
14,강원,강원의료기기전시회개최지원,202.0
15,강원,마을기업육성,32.2
16,강원,마을기업육성(국고),42.0
17,강원,강원곳간운영,146.0
18,강원,강원로컬벤처기업육성사업,700.0
19,강원,지속가능경제조직활성화추진,815.371
20,강원,지속가능경제조직기반구축,84.0
21,강원,수산산업창업·투자지원사업(국고),600.0
22,강원,식품위생업소시설개선융자사업,200.0
23,강원,유통식품및위생업소관리,513.0
24,강원,농식품산업기반구축,247.0
25,강원,강원특별자치도사회보험료지원,987.0
26,강원,생계형1인자영업자사회보험료지원,235.0
27,강원,취업촉진사업추진,8134.6
28,강원,폐광지역이전기업등지원,10707.269
29,강원,뿌리기술경쟁력강화지원,60.0
30,강원,스마트특성화기반구축(국가직접지원),636.5
31,강원,전자상거래활성화추진,870.4
32,강원,지역산업마케팅지원(전환사업),2070.0
33,강원,G-스타트업창업지원,1103.0
34,강원,지역강소기업경쟁력강화사업,100.0
35,강원,마을기업육성컨설팅등지원(전환사업),520.0
36,강원,전략기반성장동력산업집중육성(국가직접지원),4286.0
37,강원,강원바이오유망기업육성,144.0
38,강원,품질경영활성화지원,15.65
39,강원,지역맞춤형일자리창출사업(국고),618.0
40,강원,강원정규직일자리취직지원,275.0
41,강원,중소기업특별지원지역입주기업지원,196.17
42,강원,지식재산창출지원(국가직접지원),1737.0
43,강원,지식재산기반창업촉진(국가직접지원),1133.0
44,강원,디지털헬스케어규제자유특구실증지원(국가직접지원),4.286
45,강원,디지털커머스전문기관설치·운영(국가직접지원),550.0
46,강원,농식품수출기업육성지원,94.5
47,강원,수산물가공·유통기반시설및판로개척,1177.8
48,강원,해외온라인마케팅지원,604.8
49,강원,소규모사업장방지시설지원(국고),136.8
50,강원,고용창출·유지자금인센티브지원,6755.722
51,강원,청년창업자금무이자대출지원,1200.0
52,강원,강원ICT융합신기술기업지원,72.36
53,강원,소재부품장비선도기업육성지원,381.5
54,강원,수소전문기업육성지원사업,63.0
55,강원,해외바이어초청통합수출상담회추진(전환사업),400.0
56,강원,창업중심대학운영지원(국가직접지원),130.0
57,강원,협동조합활성화지원,36.0
58,강원,상권활성화사업(국고),293.7
59,경기,동반성장활성화(자체/직접),900.0
60,경기,경기도바이오기업R&DB종합지원(자체/직접),1750.0
61,경기,경기산학융합지구성과활용지원(자체/직접),850.0
62,경기,디지털혁신의료기기개발지원(자체/직접),1000.0
63,경기,기술개발사업(자체/직접),4000.0
64,경기,기술닥터(자체/지원),1606.0
65,경기,지식재산보호강화(자체/직접),876.0
66,경기,지식재산창출및창업지원(자체/직접),3500.0
67,경기,테크노파크운영지원(자체/직접),1754.0
68,경기,차세대수소에너지기술개발지원사업(자체/직접),650.0
69,경기,노동안전보건우수기업인증(자체/직접),150.0
70,경기,해외시장개척(자체/직접),300.0
71,경기,데이터산업육성지원(자체/직접),200.0
72,경기,반려동물산업스타트업발굴및창업지원(전환)(자체/직접),500.0
73,경기,3D프린팅기술지원(자체/직접),200.0
74,경기,경기도로봇산업육성지원(자체/직접),308.0
75,경기,경기도형스마트공장종합지원(자체/직접),3459.07
76,경기,드론산업육성지원(자체/직접),485.0
77,경기,뷰티산업육성지원(자체/직접),300.0
78,경기,여성창업지원(자체/직접),1475.6
79,경기,중소기업수질개선지원사업(자체/지원),328.0
80,경기,중소대기배출사업장연료전환지원사업(국비/지원),40.0
81,경기,공유기업발굴육성(자체/직접),282.0
82,경기,마을기업육성(지정)(균특/지원),110.0
83,경기,사회적경제조직육성및지원,4546.0
84,경기,물산업신기술실증화지원(자체/직접),350.0
85,경기,물산업해외마케팅지원및지방외교활성화(자체/직접),50.0
86,경기,1인소상공인고용보험료지원(자체/직접),700.0
87,경기,소상공인재창업지원(자체/직접),840.0
88,경기,여성창업지원(자체/지원),360.0
89,경기,대한민국우수상품전시회(G-FAIR)(자체/직접),2100.0
90,경기,글로벌수출기업육성(자체/직접),3400.0
91,경기,해외전시회단체관참가지원(전환)(자체/직접),1000.0
92,경기,일자리우수기업인증및고용환경개선지원(자체/직접),300.0
93,경기,경기벤처창업지원센터운영(자체/직접),377.0
94,경기,기술이전창업지원(자체/직접),175.0
95,경기,스타트업랩운영(자체/직접),429.5
96,경기,기술창업재도전지원(자체/직접),300.0
97,경기,창업보육센터운영지원(자체/직접),280.0
98,경기,가구산업경쟁력강화(자체/직접),950.0
99,경기,경기행복샵입점지원(자체/직접),500.0
100,경기,뿌리산업경쟁력강화(자체/지원),500.0
101,경기,섬유기업활성화지원(자체/직접),1515.0
102,경기,경기섬유종합지원센터운영지원(자체/지원),660.0
103,경기,섬유분야기술개발사업(자체/직접),850.0
104,경기,유망중소기업선정및역량강화지원(자체/직접),600.0
105,경기,중소기업운전자금지원,45771.85
106,경기,중소기업제품디자인개발지원(자체/직접),555.0
107,경기,중소기업제품홈쇼핑방송지원(자체/직접),375.0
108,경기,중소기업협동조합활성화지원(자체/직접),470.0
109,경기,지방강소기업육성프로젝트(전환)(자체/직접),2855.0
110,경기,창업및경쟁력강화자금지원,18106.0
111,경기,전시회참가기업지원(자체/직접),1500.0
112,경기,품질경영활동지원(자체/직접),250.0
113,경기,개성공단기업지원(자체/직접),200.0
114,경기,소규모사업장방지시설지원(국비/지원),1957.6
115,경기,사업장대기오염방지시설유지관리지원(자체/지원),457.56
116,경기,게임산업육성(자체/직접),2272.0
117,경기,FTA통상지원(자체/직접),1870.0
118,경기,사회적가치생산품홍보및판로지원(자체/직접),1040.0
119,경기,사회적기업일자리창출지원(자체/지원),2904.8
120,경기,해외경기비즈니스센터(GBC)운영(자체/직접),6800.0
121,경기,중소기업마케팅지원(자체/직접),4600.0
122,경기,신산업·신기술규제샌드박스지원사업(자체/직접),950.0
123,경기,경기도시스템반도체OSAT분야기술개발지원사업(자체/직접),600.0
124,경기,기술닥터(자체/직접),900.0
125,경기,중소기업개발생산판로맞춤형지원(전환)(자체/직접),1455.0
126,경기,소부장기업육성지원(자체/직접),1700.0
127,경기,중소기업비즈니스융합성장지원(자체/직접),250.0
128,경기,메타버스산업육성(자체/직접),4500.0
129,경기,섬유패션산업경쟁력강화(자체/직접),320.0
130,경기,반려동물산업분야유망중소기업육성지원(전환)(자체/직접),363.0
131,경기,기업ESG경영도입기반조성(자체/직접),2000.0
132,경기,여성기업지원센터입주기업지원(자체/직접),160.0
133,경기,경기도혁신기업판로지원(자체/직접),100.0
134,경기,경기창업공모(자체/직접),250.0
135,경기,민간투자연계형기술창업지원(전환)(자체/직접),1185.0
136,경기,섬유패션산업경쟁력강화(자체/지원),935.0
137,경기,매출채권보험료지원(자체/직접),1600.0
138,경기,제3차콘텐츠기업특례보증(자체/직접),405.0
139,경기,사회적경제특례보증및이차보전출연금(자체/직접),3576.0
140,경기,영세소상공인노란우산가입지원(자체/직접),3800.0
141,경기,골목상권활성화사업(자체/직접),2504.4
142,경기,청년노동자지원사업(자체/직접),66135.048
143,경기,중소기업노동자기숙사임차비지원(자체/지원),450.0
144,경기,현장노동자휴게시설개선지원(자체/지원),300.0
145,경기,기술거래촉진네트워크사업(자체/직접),260.0
146,경기,경기스타트업플랫폼운영(자체/직접),380.0
147,경기,R&D첫걸음기업연구소지원(자체/직접),3400.0
148,경기,경기도청년푸드창업허브(자체/직접),350.0
149,경기,메타버스창업등기업종합지원거점센터운영(자체/직접),800.0
150,경기,경기청년해외취·창업기회확충(자체/직접),2500.0
151,경기,경기도테스트베드활용반도체기술개발사업(자체/직접),3000.0
152,경기,경기창업혁신공간운영(자체/직접),4440.0
153,경기,민간주도오픈이노베이션지원(자체/직접),700.0
154,경기,경기도AI실증지원(자체/직접),1800.0
155,경기,자동차부품기업친환경차진입지원(자체/직접),1500.0
156,경기,굴뚝자동측정기기설치·운영관리비지원(국비/직접),281.43
157,경기,가구스마트제조공정시스템구축지원(자체/직접),360.0
158,경기,여성기업마케팅지원(자체/직접),510.0
159,경기,여성기업인식개선지원(자체/직접),30.0
160,경기,경기도경제과학진흥원사업지원(자체/직접),985.0
161,경기,경기도형스마트공장구축및컨설팅지원(자체/지원),3541.0
162,경기,사회적경제창업지원(자체/지원),334.8
163,경기,중소기업디지털전환컨설팅지원(자체/직접),600.0
164,경기,예비·초기기술창업지원(자체/직접),1372.0
165,경기,기후테크스타트업육성(자체/직접),2750.0
166,경기,에너지융자지원사업(자체/직접),9960.0
167,경기,산업단지및중소·중견기업에너지효율화사업융자지원(자체/직접),1500.0
168,경기,신재생에너지보급사업이자차액지원(자체/직접),1000.0
169,경기,섬유가구전시회참가지원(자체/직접),200.0
170,경기,근로시간단축제도도입(자체/직접),8373.462
171,경기,경기도디스플레이기술개발지원사업(자체/직접),600.0
172,경기,경기도양자-반도체융합산업경쟁력강화추진(자체/직접),531.0
173,경기,지역산업맞춤형일자리창출지원사업(균특/직접),1240.214
174,경기,중소기업운전자금지원,159235.481
175,경기,창업및경쟁력강화자금지원,127000.0
176,경기,해외신규전시회개최(자체/직접),500.0
177,경남,굴뚝자동측정기기설치운영관리비지원,49.75
178,경남,농산물가공산업지원,120.0
179,경남,공예유통활성화및시장창출,197.0
180,경남,마을기업육성(지원),15.0
181,경남,사회적기업시설장비지원사업,33.6
182,경남,스마트공장보급확산(국가직접지원),6800.0
183,경남,1시장1특화육성사업,300.0
184,경남,소상공인온라인입점지원,70.0
185,경남,경남신용보증재단기본재산출연,1000.0
186,경남,소상공인골목상권활성화지원사업,200.0
187,경남,소상공인소규모경영환경개선지원,680.0
188,경남,소상공인신용보증수수료지원,380.0
189,경남,소상공인정책자금이차보전금지원,3400.0
190,경남,전통시장시설현대화지원(전환),6338.1
191,경남,전통시장화재공제가입점포공제료지원,94.08
192,경남,시설개선융자,500.0
193,경남,경남수소산업육성플랫폼사업,200.0
194,경남,중소기업연구개발(R&D)사업화지원사업,300.0
195,경남,지역주력산업의세라믹융복합사업화지원사업,350.0
196,경남,고용우수기업인증제추진,310.6
197,경남,연구개발장비공동활용지원,100.0
198,경남,제조로봇적용뿌리산업공정개발지원(국가직접지원),650.0
199,경남,지역산업마케팅지원(벤더등록)(전환),400.0
200,경남,경남중소·벤처기업판로지원사업,50.0
201,경남,경남형스타트업액셀러레이팅,300.0
202,경남,기업인단체교류협력사업,10.0
203,경남,소규모기업환경개선사업,250.0
204,경남,여성기업활동촉진사업,72.0
205,경남,중소기업녹색인증컨설팅지원사업,30.0
206,경남,중소기업육성자금이차보전금지원,20000.0
207,경남,지역주도형청년일자리사업,283.405
208,경남,창업기업신규고용인력보조금지원,70.0
209,경남,소상공인온라인판로개척,500.0
210,경남,수출기반지원,605.0
211,경남,지방투자촉진보조,11345.57
212,경남,지역산업마케팅지원(해외마케팅)(전환),3200.0
213,경남,중소기업수출역량강화지원,410.0
214,경남,수산물가공공장스마트화지원,42.75
215,경남,수산박람회참가지원,16.0
216,경남,지역특화산업육성기업지원사업(국가직접지원),509.0
217,경남,주력산업(첨단정밀기계)육성지원(국가직접지원),1019.0
218,경남,경남창조경제혁신센터운영지원(국가직접지원),1000.0
219,경남,글로벌강소기업육성사업(국가직접지원),760.0
220,경남,지역지식재산창출지원(국가직접지원),1496.0
221,경남,창업도약패키지지원사업(국가직접지원),200.0
222,경남,창업보육센터운영·지원(국가직접지원),550.0
223,경남,초기창업패키지지원사업(국가직접지원),100.0
224,경남,FTA통상진흥센터운영지원(국가직접지원),150.0
225,경남,로봇연구센터활성화정책자금지원,100.0
226,경남,사회적경제기금운용,2203.0
227,경남,서비스로봇산업육성지원,100.0
228,경남,경남수출초보기업지원(국가직접지원),37.0
229,경남,의료기기·의료용품기술개발및사업화지원사업,70.0
230,경남,경남디자인주도제조혁신지원사업(국가직접지원),1000.0
231,경남,창업·벤처투자유치지원사업,84.0
232,경남,중소기업매출채권보험료지원,200.0
233,경남,청년친화기업선정지원,620.0
234,경남,중소기업협동조합활성화지원,27.0
235,경남,소상공인생애주기별맞춤지원,495.0
236,경남,기업투자촉진지구보조,949.2
237,경남,지역스타기업육성사업(국가직접지원),20.0
238,경남,지역혁신선도기업육성사업(국가직접지원),377.0
239,경남,벤처기업인증획득지원사업,39.0
240,경남,산학협력중소기업포장디자인개발지원,160.0
241,경남,강소연구개발특구의료기기전문제조기업육성,150.0
242,경남,승강기핵심부품연구개발지원사업,200.0
243,경남,미래자동차부품실증및사업화지원,300.0
244,경남,미래차업종전환촉진기업혁신지원,100.0
245,경남,기업주도일자리창출패키지지원사업,160.0
246,경남,ESG혁신기업청년인재양성사업,87.71
247,경남,청년인재-주력산업동반성장일자리사업,149.78
248,경남,소상공인디지털인프라지원,90.0
249,경남,노란우산공제희망장려금지급,500.0
250,경남,소상공인온라인쇼핑몰기획전지원,50.0
251,경남,원전기업수요맞춤형패키지지원사업,600.0
252,경남,소규모영세사업장방지시설지원,385.92
253,경남,경남모범장수기업인증지원,70.0
254,경남,점프업기업육성지원사업,450.0
255,경남,비제조산업마케팅활동지원,50.0
256,경남,중소기업재해예방안전디자인인프라구축,154.0
257,경남,경남IT·SW스타기업육성사업,260.0
258,경남,경남소재부품성장잠재기업육성사업,100.0
259,경남,우주항공용세라믹섬유융복합소재활용사업화지원,100.0
260,경남,약용작물산업화지원센터활용제품고급화지원사업,100.0
261,경남,항노화강소기업패키지지원사업,120.0
262,경남,경남형팁스,210.0
263,경남,이노비즈인증획득지원사업,50.0
264,경남,사회적기업판로개척지원사업,70.0
265,경남,미래차선도기업육성기술개발지원사업,500.0
266,경남,경남문화콘텐츠산업기반구축및활성화,170.0
267,경남,문화콘텐츠취‧창업지원,400.0
268,경남,수산물브랜드육성지원,11.425
269,경남,경남로봇랜드컨벤션센터마케팅지원,25.0
270,경남,대학특화청년창업활성화지원,350.0
271,경남,수도권창업거점운영,190.0
272,경남,중소기업제조물책임보험지원,50.0
273,경남,실크산업활성화지원,480.0
274,경남,동부권창업거점운영,420.0
275,경남,중장년기술창업센터운영지원(국가직접지원),60.0
276,경남,경상남도창업보육센터운영,64.0
277,경남,글로컬농가(업체)지원(보조),2675.0
278,경남,"전자약,디지털치료기기기술실용화기반구축사업(국가직접지원)",300.0
279,경남,퍼스널랩기반디지털헬스케어제품개발지원플랫폼구축사업(국가직접지원),200.0
280,경남,조선업생산공정혁신기술지원,400.0
281,경남,경남방산강소기업육성,500.0
282,경남,경남방산수출지원단운영,473.5
283,경남,신·증설기업보조금지원,3852.976
284,경남,현장실습지원사업,1000.0
285,경남,소상공인사회보험망지원사업,275.0
286,경남,선도사회적경제기업육성,70.0
287,경남,마을기업육성(직접)(전환),586.0
288,경남,경남콘텐츠기업지원센터운영(국가직접지원),1000.0
289,경남,지역서점및출판문화활성화,80.0
290,경남,경남형납품대금연동제우수기업지원사업,50.0
291,경남,병원-제조기업연계형사업화지원,100.0
292,경남,항노화소재특허기술사업화지원사업,120.0
293,경남,천연물활용건강기능성소재개발지원사업,230.0
294,경남,항노화기업성장단계별지원사업,200.0
295,경남,G-콘텐츠스타트업액셀러레이팅지원사업,150.0
296,경남,경남우주산업핵심부품국산화기술개발,160.0
297,경남,청년일경험지원사업,200.0
298,경남,원전기업수출지원컨설팅지원사업,400.0
299,경남,원전기업혁신기술개발중장기R&D지원사업,300.0
300,경남,스타트업청년채용연계사업,1.5
301,경남,중소기업청년활력사업,0.75
302,경남,청년장인프로젝트,1.125
303,경남,조선업재직자희망공제사업,3570.0
304,경남,RPC가공시설현대화지원,104.6
305,경남,벼건조저장시설지원,279.8
306,경남,상권활성화사업,1379.0
307,경남,상권르네상스사업,1379.0
308,광주,강소기업육성(전환사업),1503.628
309,광주,구조고도화자금지원,59023.554
310,광주,기업활동촉진지원,556.84
311,광주,무역인육성및통상진흥지원,103.204
312,광주,벤처기업육성자금지원,192.0
313,광주,수출진흥자금지원,5189.996
314,광주,스마트공장지원,2002.5
315,광주,여성기업생산품판로확대,32.5
316,광주,중소기업경영안정사업자금지원,5408.034
317,광주,중소기업공제사업기금지원,250.0
318,광주,중소기업지원기관운영,1899.5
319,광주,중소기업품질및기술력향상지원(전환사업),345.57
320,광주,중소유통구조개선자금지원,5841.118
321,광주,수출역량및경쟁력강화지원,256.334
322,광주,지역산업마케팅지원(전환사업),1480.0
323,광주,지역신용보증재단기본재산출연,2600.0
324,광주,창업생태계조성(전환사업),8699.108
325,광주,스타공예상품개발및일자리창출(전환사업),400.0
326,광주,공예품상품화개발및마케팅지원(전환사업),210.0
327,광주,문화콘텐츠기획창작스튜디오운영지원,900.0
328,광주,수제공방육성지원(전환사업),795.0
329,광주,투자진흥지구지정운영,992.738
330,광주,고령친화산업기반조성(전환사업),615.0
331,광주,광융합산업육성지원및홍보(전환사업),640.156
332,광주,글로벌광융합비즈니스경쟁력강화지원(전환사업),685.0
333,광주,산업화디자인프로젝트(전환사업),1000.0
334,광주,골목상권살리기지원,10441.909
335,광주,광주프랜차이즈산업육성,80.0
336,광주,소상공인지원,2036.278
337,광주,전통시장TV홍보방송지원,41.7
338,광주,전통시장시설현대화(지원)(전환사업),1316.29
339,광주,우수농식품국내외마케팅지원(전환사업),244.5
340,광주,지역소프트웨어산업진흥지원,1656.144
341,광주,식품진흥기금융자,400.0
342,광주,음식점서비스개선(지원),150.0
343,광주,마을기업육성(지원)(보조),56.0
344,광주,국제뿌리산업전시회,230.0
345,광주,빛고을로봇박람회및경진대회(전환사업),230.0
346,광주,지역산업브랜드활성화지원프로젝트(전환사업),250.0
347,광주,산업단지시설물유지보수,2895.2
348,광주,산업단지통근버스임차지원(전환사업),250.0
349,광주,굴뚝자동측정기설치·운영관리지원(보조),6.0
350,광주,소규모사업장방지시설지원(보조),580.92
351,광주,지역스타기업육성(지역산업공통),829.664
352,광주,1인창조및중장년기술창업지원,195.0
353,광주,지식재산권창출사업지원,901.801
354,광주,지역소프트웨어산업진흥지원(보조),146.0
355,광주,광주형인공지능비즈니스모델구축,5281.64
356,광주,시군구지역연고사업육성,125.55
357,광주,친환경자동차부품인증센터구축및운영,503.36
358,광주,미래신기술산업육성기반조성,657.12
359,광주,수요기반협력사밸류체인고도화및자립화패키지지원,500.0
360,광주,빅데이터기반자동차전장부품신뢰성기술고도화,1600.0
361,광주,반도체산업육성,65.32
362,광주,광주지역소재부품산업청년채용지원,73.703
363,광주,광주형뉴딜산업청년채용지원,13.59
364,광주,에너지산업메카조성,918.5
365,광주,가족친화경영추진,525.6
366,광주,지역기반형콘텐츠코리아랩운영,500.0
367,광주,광주형공공배달앱,800.0
368,광주,소상공인대상고용취약계층신규인건비지원,700.0
369,광주,국제문화창의산업전(ACEFair),880.0
370,광주,첨단융합콘텐츠제작유통지원,1304.141
371,광주,문화콘텐츠창작인발굴및마케팅지원,400.0
372,광주,여성창업지원,13.5
373,광주,지역산업공통사업,3120.625
374,광주,빛고을창업스테이션운영,2570.0
375,광주,전통시장활성화(지원),1664.594
376,광주,인공지능기업유치및지원,2339.66
377,광주,지역산업맞춤형자치단체지원(보조),1661.0
378,경북,4차산업혁명핵심기술개발사업,940.0
379,경북,로봇산업육성및지원,460.0
380,경북,농식품가공산업육성,1200.0
381,경북,농식품대외경쟁력확보,225.0
382,경북,수출기업발굴및육성,100.0
383,경북,6차산업경영체활성화지원,639.92
384,경북,공공기관연관산업기업유치및지원사업,540.0
385,경북,지역특성화산업육성(전환사업),330.0
386,경북,물기업해외마케팅지원,155.0
387,경북,물기업R&D역량강화지원,100.0
388,경북,문화콘텐츠발굴육성,1431.26
389,경북,문화상품개발육성,704.56
390,경북,전통시장노후시설개보수,629.4
391,경북,전통시장시설현대화지원(전환사업),7340.0
392,경북,전통시장화재안전지원,339.0
393,경북,전통시장활력화지원,209.0
394,경북,전통시장활성화추진,629.94
395,경북,글로벌코스메틱활성화지원사업,604.3
396,경북,마을기업육성사업,182.0
397,경북,마을기업육성사업(교육컨설팅지원)(2-1단계전환사업),600.0
398,경북,사회적경제육성,390.0
399,경북,경북동해안철강벨트경쟁력강화사업,300.0
400,경북,자동차부품산업경쟁력강화지원사업,370.0
401,경북,전략산업선도기업육성사업,300.0
402,경북,위생시설개선자금융자사업,500.0
403,경북,수출기업지원정책추진,4524.0
404,경북,지역산업마케팅,4250.0
405,경북,창업활성화를통한일자리창출,2467.2
406,경북,착한가격업소활성화지원,350.702
407,경북,경북PRIDE기업육성지원,1500.0
408,경북,경상북도디자인산업육성,112.2
409,경북,경북디자인산업육성프로젝트,1200.0
410,경북,경상북도향토뿌리기업육성,155.015
411,경북,벤처기업경쟁력강화,2510.0
412,경북,벤처창업붐조성,360.0
413,경북,소상공인육성자금지원업체이차보전,4000.0
414,경북,운전자금이차보전지원사업,4100.0
415,경북,경북세일페스타마케팅지원(전환사업),3166.0
416,경북,중소기업인증브랜드홍보및판로개척,1412.0
417,경북,중소기업공제사업기금이차보전,150.0
418,경북,중소기업기술지원사업,833.6
419,경북,중소기업역량강화지원,1066.0
420,경북,창업및경쟁력강화사업,53680.0
421,경북,고졸청년신산업분야내일찾기지원사업,84.156
422,경북,중소기업정규직프로젝트,601.2
423,경북,청년고용분위기조성,406.0
424,경북,지방기업투자촉진사업,21819.618
425,경북,수산물산지가공시설(전환사업),750.0
426,경북,수산박람회참가경비지원,27.0
427,경북,굴뚝원격감시체계구축,166.75
428,경북,소규모영세사업장방지시설지원,1769.48
429,경북,환경사고예방사업,120.0
430,경북,경북지역기반게임산업육성사업(국가직접지원),348.0
431,경북,IT여성취창업지원사업(국가직접지원),30.0
432,경북,지역SW품질역량강화사업(국가직접지원),85.0
433,경북,스마트공장보급지원(국가직접지원),840.0
434,경북,특성화시장육성사업(국가직접지원),262.5
435,경북,지역지식재산창출지원사업(국가직접지원),2017.0
436,경북,지역특화산업육성사업(국가직접지원),7465.0
437,경북,글로벌강소기업경쟁력강화사업(국가직접지원),400.0
438,경북,소상공인지원사업,2255.52
439,경북,소상공인역량강화,245.48
440,경북,투자기업지원보조금,6715.55
441,경북,중소기업창업및경쟁력강화사업자금,580.0
442,경북,중소기업운전자금이차보전,4100.0
443,경북,중소기업보험료지원,500.0
444,경북,지역베어링산업육성및경쟁력강화사업,100.0
445,경북,경량소재산업육성및경쟁력강화사업,100.0
446,경북,퍼스널케어융합얼라이언스육성,187.5
447,경북,뷰티산업밸류체인컨버전스지원사업(국가직접지원),250.0
448,경북,벤처기업인프라지원,242.0
449,경북,품질경영분임조활성화지원,47.2
450,경북,미래형신산업기업청년일자리사업,138.886
451,경북,지역특화청년창업기업일자리사업,186.53
452,경북,경북사회적경제ESG청년일자리(시군),5.23
453,경북,원자력산업육성및지원추진,4647.82
454,경북,에너지산업육성및지원추진,4762.304
455,경북,소상공인새바람체인지업사업,500.0
456,경북,소상공인IP지원사업(국가직접지원),250.0
457,경북,경제단체지원,510.0
458,경북,RPC집진시설개보수사업,673.4
459,경북,RPC시설장비지원,700.0
460,경북,차량용첨단소재성형가공기업지원사업,200.0
461,경북,청년근로자행복카드지원,700.0
462,경북,청년근로자사랑채움사업,524.6
463,경북,글로벌섬유패션공급망역량강화사업(국가직접지원),400.0
464,경북,해외교류협력사업,40.0
465,경북,사회적가치우수유망기업성장지원,600.0
466,경북,섬유소재공정저탄소화지원사업(국가직접지원),500.0
467,경북,지역정보보호수준제고(국가직접지원),395.0
468,경북,소상공인출산장려아이보듬지원사업,1800.0
469,경북,자동차부품기업혁신동반성장지원사업,210.0
470,경북,경북산섬유수입전문바이어육성사업,150.0
471,경북,외식및푸드테크지원,1235.0
472,경북,헴프소재고부가제품개발,90.0
473,경북,에너지절약사업,713.799
474,경북,우수청년기업인증지원,100.0
475,경북,소상공인카드수수료지원,3000.0
476,경북,동물용그린바이오의약품품질고도화지원,455.0
477,경북,상권활성화사업(지특),2971.8
478,경북,해양수산창업투자지원,1300.0
479,대구,기타지역특성화산업육성(우수기업성장동력화사업)(1단계전환),3200.0
480,대구,기타지역특성화산업육성(중기업육성사업)(1단계전환),1920.0
481,대구,조달물품경쟁력강화지원사업,100.0
482,대구,중소기업경영안정자금지원,17918.142
483,대구,중소기업매출채권보험료지원,200.0
484,대구,중소기업제품판매지원,30.0
485,대구,지역산업마케팅지원(지역산업온라인마케팅지원사업)(1단계전환),200.0
486,대구,지역산업마케팅지원(중소기업해외마케팅지원)(1단계전환),2640.0
487,대구,소재부품기업경쟁력강화지원사업(1단계전환),239.0
488,대구,품질분임조활성화지원사업,48.0
489,대구,식품산업육성지원,770.0
490,대구,마을기업육성사업(구군),120.0
491,대구,협동조합육성사업,100.0
492,대구,글로컬대구침장특화산업육성(전환),540.0
493,대구,기타지역특성화산업육성(공동브랜드(쉬메릭)육성지원)(1단계전환),180.0
494,대구,지역패션산업마케팅및패션쇼개최지원사업,191.0
495,대구,섬유산업국내판로개척(1단계전환),560.0
496,대구,패션뷰인대구지원,380.0
497,대구,한국안경산업고도화육성사업,1000.0
498,대구,한국안광학산업진흥원사업보조,318.0
499,대구,초기기업SW제품상용화지원사업(1단계전환),130.0
500,대구,K-뷰티수출컨소시엄활성화지원(1단계전환),150.0
501,대구,직업능력개발및채용연계,1441.1
502,대구,고용환경개선,1810.0
503,대구,신기술사업화프로젝트,188.0
504,대구,대구스타벤처육성사업,200.0
505,대구,대구투자및상장(IPO)활성화지원,200.0
506,대구,소공인제품기술경쟁력향상지원사업,170.0
507,대구,차세대융복합기술개발지원,900.0
508,대구,지역의료기기토탈마케팅지원,213.0
509,대구,한국염색기술연구원운영위탁,100.0
510,대구,글로벌강소기업경쟁력강화사업(국가직접지원),200.0
511,대구,나노융합기술인력양성사업(국가직접지원),67.0
512,대구,지역에코혁신사업(국가직접지원),77.0
513,대구,한국섬유개발연구원운영위탁,100.0
514,대구,대경권디지털품질역량강화(국가직접지원),85.0
515,대구,여성벤처기업성장지원(국가직접지원),12.0
516,대구,예비창업패키지지원사업(국가직접지원),140.0
517,대구,IP활용창업·성장지원(국가직접지원),398.0
518,대구,지식재산창출지원사업(국가직접지원),730.0
519,대구,창업도약패키지지원사업(국가직접지원),150.0
520,대구,초기창업패키지지원사업(국가직접지원),400.0
521,대구,기계산업수출역량강화사업,390.0
522,대구,첨단산업용섬유기계핵심모듈부품기술개발,61.23
523,대구,장애경제인육성지원(국가직접지원),205.0
524,대구,미래모빌리티선도기술개발사업,1022.45
525,대구,종합유통단지관리운영,1070.0
526,대구,위생관리시설융자,300.0
527,대구,지역투자촉진,5543.82
528,대구,대구콘텐츠기업지원센터운영(국가직접지원),400.0
529,대구,중소기업육성지원,435.392
530,대구,중소기업기술정보지원사업,40.0
531,대구,뿌리기술장인노하우디지털전승사업,212.0
532,대구,소상공인고용보험지원,220.0
533,대구,거점기관개방형혁신사업(국가직접지원),394.0
534,대구,디지털헬스케어의료기기실증지원(국가직접지원),800.0
535,대구,한의약제품및기술개발지원사업,405.0
536,대구,뿌리기업의차세대전환지원사업,229.77
537,대구,정밀기계가공산업육성사업(국가직접지원),440.0
538,대구,첨단나노소재부품사업화실증기반고도화사업(국가직접지원),505.0
539,대구,ABB테스트베드대구실증지원사업,300.0
540,대구,대구민간투자연계형기술사업화지원,200.0
541,대구,대구국제섬유박람회,564.0
542,대구,대구국제안경전(국가직접지원),520.0
543,대구,글로벌섬유패션공급망역량강화사업(국가직접지원),504.7
544,대구,광역권뷰티산업밸류체인컨버전스지원(국가직접지원),250.0
545,대구,혁신창업생태계구축지원(국가직접지원),2000.0
546,대구,메이커스페이스구축·운영지원사업(국가직접지원),520.0
547,대구,메타버스기반지역중소기업제조공정혁신지원,300.0
548,대구,벤처기업성장및인증지원,13.65
549,대구,벤처기업경영혁신지원,13.65
550,대구,대구콘텐츠비즈니스센터운영,980.0
551,대구,3D융합안경테제조기반구축사업,180.0
552,대구,소규모대기오염방지시설설치지원,3296.8
553,대구,대구국제자동화기기전개최지원,80.0
554,대구,첨단로봇산업육성및글로벌경쟁력강화사업(1단계전환),2000.0
555,대구,안광학제품신뢰성기반활용기업지원사업,128.0
556,대구,ABB산업초기시장진출지원,500.0
557,대구,지역디지털기업성장지원(국가직접지원),495.0
558,대구,ABB여성기업육성지원사업(국가직접지원),100.0
559,대구,창업기업스케일업지원사업,800.0
560,대구,지역주도형청년일자리(보조),1.25
561,대구,두류젊코상권활성화사업지원(균특),572.75
562,대구,동성로상권활성화사업지원(균특),270.0
563,대전,대전형실증테스트베드지원(전환사업),3200.0
564,대전,유망중소기업global-up지원(전환사업),800.0
565,대전,혁신성장기업기술사업화종합지원(전환사업),700.0
566,대전,디자인기업육성(전환사업),650.0
567,대전,기업성장주기별3-UP지원사업(전환사업),1500.0
568,대전,반도체산업육성,2060.087
569,대전,뷰티산업지원육성(전환사업),240.0
570,대전,뿌리산업활성화지원사업(전환사업),2000.0
571,대전,에너지산업전시회참가지원사업,25.0
572,대전,에너지융합산업경쟁력강화지원사업,400.0
573,대전,중소기업혁신성장지원및기술경쟁력강화사업(전환사업),1000.0
574,대전,지식재산권육성사업(국가직접지원),1334.0
575,대전,품질경영혁신지원사업,36.0
576,대전,중소기업육성,478.384
577,대전,국내판로지원,759.0
578,대전,벤처기업육성경쟁력강화사업,50.0
579,대전,소셜벤처특화거리조성,3485.276
580,대전,해외마케팅지원,1080.0
581,대전,수출기반지원,691.871
582,대전,중소기업경영안정자금및창업자금지원,11392.104
583,대전,지역산업마케팅지원(전환사업),1200.0
584,대전,창업기업보육ㆍ성장지원사업(전환사업),450.0
585,대전,창업보육경쟁력강화사업,130.0
586,대전,대전창업성장캠퍼스활성화,1603.741
587,대전,해외비즈니스교류지원,90.0
588,대전,해외사무소운영,1150.0
589,대전,혁신공공기술창업지원사업(전환사업),450.0
590,대전,대전국방벤처센터사업지원,700.0
591,대전,국방산업육성,301.327
592,대전,로봇융합(메카트로닉스)산업육성(전환사업),900.0
593,대전,3D프린팅산업육성,1000.0
594,대전,정보통신산업육성(전환사업),400.0
595,대전,지역소프트웨어산업진흥지원사업(국가직접지원),85.0
596,대전,굴뚝자동측정기기설치운영관리비지원,34.5
597,대전,(예비)사회적기업지원,220.952
598,대전,마을기업육성,48.55
599,대전,사회적경제활성화맞춤형지원,500.0
600,대전,협동조합운영,195.5
601,대전,영세자영업자고용산재보험료지원,80.0
602,대전,영세자영업자인건비지원,1000.0
603,대전,자영업닥터제운영,1500.0
604,대전,경영개선자금지원,42000.0
605,대전,식품위생업소시설개선자금융자,200.0
606,대전,대전형좋은일터만들기,1000.0
607,대전,우수기업청년채용,15.815
608,대전,지방투자촉진보조금,2450.0
609,대전,1인창조기업지원센터운영(국가직접지원),60.0
610,대전,지역주력산업육성(국가직접지원),1875.0
611,대전,소공인특화지원센터운영,44.0
612,대전,FTA통상진흥센터지원(국가직접지원),60.0
613,대전,지식재산권육성사업,391.403
614,대전,지역소기업지원,100.0
615,대전,드론산업생태계조성(전환사업),700.0
616,대전,지역영세콘텐츠기업지원,100.0
617,대전,공공기술연계기업지원,1003.741
618,대전,청년패션전문가(커리어-업)직업역량강화,10.0
619,대전,디자인산업역량강화사업(전환사업),360.0
620,대전,지방이전투자보조금,4004.208
621,대전,미래ICT융합디바이스산업육성사업(전환사업),800.0
622,대전,K-방산생태계활성화및강소기업맞춤형패키지지원사업(전환사업),2000.0
623,대전,이차전지산업선도기업육성(전환사업),1003.507
624,대전,전통시장화재공제지원,67.851
625,대전,원자력기업지원,600.0
626,대전,글로벌선도우주기업육성사업(전환사업),500.0
627,대전,초소형위성개발및검증지원사업(전환사업),1200.0
628,대전,글로벌혁신성장기업육성(전환사업),3000.0
629,대전,인공지능기업지원(전환사업),800.0
630,대전,바이오글로벌창업및비즈니스전주기지원사업(전환사업),400.0
631,대전,고경력인력지원사업,950.0
632,대전,대전일자리페스티벌,263.7
633,대전,노란우산공제정액장려금지원,1500.0
634,대전,소규모사업장방지시설설치지원,96.8
635,대전,소상공인경영개선교육,15.0
636,대전,창업생태계조성및스타트업파크운영(전환사업),2826.0
637,대전,온라인창업지원플랫폼운영,150.0
638,대전,공공기술연계기술고도화지원사업(전환사업),1300.0
639,대전,대전형유급병가지원사업,600.0
640,대전,기업키움센터운영활성화,721.0
641,대전,대전정착형청년일자리종합프로젝트,600.0
642,대전,영세소상공인카드결제통신비지원,1000.0
643,대전,대전형코업청년뉴리더양성사업,1500.0
644,대전,지역산업맞춤형일자리창출지원사업,448.25
645,부산,굴뚝자동측정기기설치·운영관리비지원(보조),40.0
646,부산,4차산업형부산MICE강소기업육성사업(전환사업),450.0
647,부산,위생관리시설개선융자사업,600.0
648,부산,공유경제육성및지원,294.82
649,부산,마을기업육성(보조),110.0
650,부산,마을기업컨설팅등지원(전환),240.0
651,부산,사회적기업지원,52.3
652,부산,서비스산업육성지원,305.62
653,부산,지역주도형청년일자리사업(부산비즈니스서비스기업청년일자리지원사업),75.672
654,부산,핀테크산업육성,900.0
655,부산,소상공인역량강화사업,3190.0
656,부산,전통시장및상점가경영현대화,437.0
657,부산,전통시장및상점가시설현대화(전환),8000.0
658,부산,전통시장및상점가시설현대화,850.0
659,부산,전통시장주차환경개선(주차장개보수및이용보조),66.583
660,부산,수산물가공업HACCP지원,8.0
661,부산,IoT산업활성화,270.0
662,부산,IT엑스포부산개최,200.0
663,부산,가상·증강현실산업육성,571.0
664,부산,지역주도디지털혁신지원,150.0
665,부산,지역디지털품질관리역량강화(국가직접지원),192.0
666,부산,부산영화영상기업운영지원,100.0
667,부산,고용우수기업지원,704.932
668,부산,부산국방벤처센터지원,250.0
669,부산,부산이노비즈센터지원(국가직접지원),50.0
670,부산,창업기업성장단계별지원,3001.4
671,부산,지역주도형청년일자리사업(부산대표중소벤처기업청년일자리+프로젝트),40.744
672,부산,창업보육센터(BI)지원(국가직접지원),745.0
673,부산,드론쇼코리아개최지원(전환),500.0
674,부산,품질분임조경진대회우수분임조교육지원,10.413
675,부산,부산국제섬유패션전시회개최지원(전환),360.0
676,부산,부산국제신발피혁전시회개최지원(전환),360.0
677,부산,부산브랜드신발육성사업(전환),330.0
678,부산,부산패션창작스튜디오운영지원(전환),250.0
679,부산,신발산업해외마케팅지원,140.0
680,부산,전자상거래지원센터지원,41.0
681,부산,중소기업기술혁신사업추진,50.81
682,부산,의료바이오산업육성추진(전환),335.0
683,부산,고령친화산업육성추진(전환),650.0
684,부산,메디컬ICT융합센터지원사업,450.0
685,부산,치의학산업육성지원(전환사업),423.32
686,부산,클린에너지보급추진,145.0
687,부산,마케팅등지역특성화산업육성(전환사업),3697.9
688,부산,무역대응력강화사업,1116.5
689,부산,지역투자촉진,11286.0
690,부산,해양바이오산업육성,86.0
691,부산,대ㆍ중소기업동반성장,32.6
692,부산,부산특구성과창출및확산촉진사업(국가직접지원),570.0
693,부산,이차보전및융자지원,61500.0
694,부산,중소기업공제사업기금이차보전사업지원,180.0
695,부산,소규모사업장방지시설설치지원,500.0
696,부산,클라우드산업육성(국가직접지원),1600.0
697,부산,창조경제혁신센터지원(국가직접지원),1652.9
698,부산,조선기자재수출및A/S거점기지구축·운영(국가직접지원),153.0
699,부산,FTA활용지원(국가직접지원),55.0
700,부산,지역별창업투자지원센터,1100.0
701,부산,지역주도형청년일자리사업(부산청년파란일자리사업),524.843
702,부산,산업단지통근버스운행,2648.0
703,부산,중소기업지원시책홍보,473.86
704,부산,소상공인종합지원센터운영,3713.0
705,부산,항공부품산업기술고도화지원(전환),526.0
706,부산,해외소형선박수주패키지지원사업(국가직접지원),300.0
707,부산,중소기업온라인시장진출지원,340.0
708,부산,에너지신산업추진,309.4
709,부산,취업지원,2940.0
710,부산,도시형소공인활성화,50.0
711,부산,부산신용보증재단지원,3500.0
712,부산,부산신용보증재단특례보증지원,2500.0
713,부산,부산인디커넥트페스티벌지원,600.0
714,부산,부산국제수산EXPO개최,460.225
715,부산,국제수산교류협력,18.988
716,부산,수산물유통활성화지원,30.0
717,부산,클라우드EXPO개최지원(국가직접지원),90.0
718,부산,AIKOREA개최,350.0
719,부산,부산국제기계대전개최지원(국가직접지원),300.0
720,부산,중소기업제조물책임보험료지원,60.0
721,부산,부산관광기업지원센터운영지원,905.0
722,부산,해외로드쇼개최,60.7
723,부산,원자력산업육성지원,354.2
724,부산,혁신조달패키지지원사업,200.0
725,부산,신발피혁연구사업지원,800.0
726,부산,섬유패션산업기술개발지원(전환),45.0
727,부산,중견ㆍ강소기업육성지원(전환),400.0
728,부산,국가기술거래플랫폼사업(국가직접지원),43.0
729,부산,저녹스버너보급사업(보조),128.0
730,부산,여성기업경쟁력강화사업지원,18.36
731,부산,장애인기업경쟁력강화사업지원,19.44
732,부산,부산콘텐츠마켓개최지원,900.7
733,부산,지식재산기반창업촉진사업(국가직접지원),650.0
734,부산,중소기업지식재산창출지원사업(국가직접지원),985.0
735,부산,전통시장및상점가경영현대화(국가직접지원),409.25
736,부산,벤처·창업ESG선도기업지원,200.0
737,부산,창업지원시설운영,190.0
738,부산,아시아창업엑스포개최,1723.0
739,부산,지능정보기술융합기업디자인혁신지원사업,500.0
740,부산,지역상권상생및활성화,200.0
741,부산,지역산업맞춤형자치단체지원사업,1483.76
742,서울,도시제조업지원,1542.1
743,서울,서울주얼리지원센터운영,1352.112
744,서울,양재AI혁신지구육성,15797.378
745,서울,홍릉바이오의료앵커운영,13809.311
746,서울,게임산업육성및e스포츠활성화,3766.849
747,서울,서울핀테크랩운영,8044.491
748,서울,영상산업지원,2994.606
749,서울,중소기업단체협력강화,3115.6
750,서울,서울디자인재단출연금,28746.735
751,서울,마을기업육성,75.0
752,서울,사회적경제지원센터운영,2142.185
753,서울,서울특별시소상공인종합지원,25553.662
754,서울,서울풍물시장활성화,2295.971
755,서울,소상공인고용보험가입지원,667.83
756,서울,전통시장노후전선정비사업,1076.25
757,서울,전통시장상인역량강화및조직활성화지원,122.5
758,서울,전통시장시설현대화지원(전환사업),12122.4
759,서울,전통시장안전취약시설물보수,565.0
760,서울,전통시장주차환경개선(주차장건립),2800.0
761,서울,로컬브랜드상권생태계조성,7727.64
762,서울,전통시장화재알림시설설치사업,322.56
763,서울,서울창업허브성수운영,1249.319
764,서울,생활악취방지및저감지원,614.9
765,서울,사회적경제기업투융자,12006.6
766,서울,시중은행협력자금지원,86200.0
767,서울,중소기업직접융자,200000.0
768,서울,식품위생영업자민간융자지원,1500.0
769,서울,수출보험(보증)료지원,1500.0
770,서울,재활용사업자육성자금융자지원,1028.3
771,서울,공동협력기술개발지원,5739.276
772,서울,서울형R&D지원,41106.204
773,서울,중소기업지식재산권확보지원,2413.004
774,서울,글로벌강소기업육성(국가직접지원),600.0
775,서울,서울형강소기업육성,1010.0
776,서울,서울창조경제혁신센터운영지원(국가직접지원),1436.5
777,서울,관광스타트업육성지원,823.0
778,서울,서울먹거리창업센터운영,1136.596
779,서울,지역연계형청년창업지원,1320.0
780,서울,서울창업센터관악운영,595.282
781,서울,서울창업허브창동운영,3173.647
782,서울,서울창업디딤터운영,830.894
783,서울,서울창업성장센터운영,893.536
784,서울,서울창업허브공덕운영,17233.628
785,서울,청년창업꿈터운영,178.053
786,서울,전통시장판로개척지원,200.0
787,서울,전통시장행사지원,3642.4
788,서울,서울특별시기술교육원운영지원,21327.731
789,서울,소규모대기배출사업장방지시설설치,413.71
790,서울,소상공인전용노란우산공제가입지원,6013.44
791,서울,전통시장화재공제보험가입지원,540.0
792,서울,서울청년밀키트창업지원,153.0
793,서울,시장경영패키지지원,280.0
794,서울,서울창업허브스케일업센터운영,1158.618
795,서울,G밸리유망스타트업육성,257.301
796,서울,서울용산시제품제작소운영,1793.46
797,서울,특성화시장육성,2121.2
798,서울,서울창업허브M+운영,4847.976
799,서울,서울창업센터동작운영,846.718
800,서울,소상공인산재보험료지원,292.0
801,서울,서울패션허브운영,7627.027
802,서울,상권르네상스지원,1301.7
803,세종,지역주도디지털혁신지원,146.0
804,세종,세종창업키움센터관리·운영,158.0
805,세종,소상공인금융지원,5051.777
806,세종,중소기업자금(기금이차보전)지원,1943.886
807,세종,중소기업활성화,148.114
808,세종,지역특성화산업육성(전환사업),285.0
809,세종,창업보육활성화지원,100.0
810,세종,창조경제혁신센터운영,898.01
811,세종,지역단위6차산업활성화지원,244.396
812,세종,지역투자촉진,2305.154
813,세종,지역주도형청년일자리사업,228.501
814,세종,마을기업컨설팅등지원,50.0
815,세종,굴뚝자동측정기기설치·운영관리비지원,6.5
816,세종,지역디지털기업경쟁력강화지원(국가직접지원),489.0
817,세종,지역지식재산창출지원(국가직접지원),420.0
818,세종,지역특화산업육성사업(국가직접지원),2260.0
819,세종,수출기반조성,17.28
820,세종,사회적경제기업이차보전지원,52.65
821,세종,국가혁신융복합단지육성(국가직접지원),1564.0
822,세종,글로벌강소기업육성사업,50.0
823,세종,행복일터인증제,21.6
824,세종,소규모사업장방지시설(자본보조),31.2
825,세종,마을기업중간지원기관운영(전환사업),93.0
826,세종,고용환경개선사업(전환사업),220.0
827,세종,지역특화콘텐츠개발지원(국가직접지원),200.0
828,세종,SW융합클러스터2.0(국가직접지원),1627.0
829,세종,규제자유특구혁신사업육성(국가직접지원),39.0
830,세종,지역산업맞춤형자치단체지원사업,588.0
831,세종,지역ICT이노베이션스퀘어운영사업(국가직접지원),246.0
832,세종,중소기업ESG경영지원,50.0
833,세종,마을기업육성지원,25.0
834,울산,이자차액보전금지원,10653.0
835,울산,위생관리개선융자사업,500.0
836,울산,산학연관협력기술개발,430.0
837,울산,지역지식재산창출지원,1113.7
838,울산,지역특화산업육성사업,5481.19
839,울산,에너지절약및효율화사업,5506.8
840,울산,조선산업육성지원,635.2
841,울산,조선해양기자재글로벌밸류체인기업지원,500.0
842,울산,화학소재산업육성지원,703.0
843,울산,뿌리기업기술첨단화지원,284.5
844,울산,시-화연정밀화학기술협력,500.0
845,울산,청년일자리창출,1459.1
846,울산,수출인프라구축및저변확대,678.8
847,울산,지역산업마케팅지원,1887.0
848,울산,사회적경제기업육성지원,124.4
849,울산,창업지원,3959.648
850,울산,마을기업컨설팅등지원,195.0
851,울산,마을기업육성,32.304
852,울산,중소기업육성시책추진,2416.344
853,울산,소상공인지원,1356.4
854,울산,전통시장육성,621.71
855,울산,전문경력인사기술지원,100.0
856,울산,스마트공장보급확산지원,400.0
857,울산,지역투자촉진,6925.0
858,울산,투자환경개선,874.8
859,울산,공공기관연관산업기업유치등지원사업,260.0
860,울산,굴뚝자동측정기기설치·운영관리비지원,129.0
861,울산,자동차산업육성지원,539.6
862,울산,소규모사업장대기오염방지시설설치지원사업,1258.0
863,울산,산업정책기획및지원,432.344
864,울산,내부거래지출,17000.0
865,울산,과학기술육성,395.7
866,울산,벤처기업육성지원,212.0
867,울산,지역주도디지털혁신지원,146.0
868,울산,메이커스페이스구축운영사업,150.0
869,울산,지역형플러스일자리사업,10229.0
870,울산,지역혁신클러스터육성지원,617.0
871,울산,대·중·소및공공기업연계협력사업,600.0
872,울산,도시디자인진흥,1851.583
873,울산,지역산업맞춤형자치단체지원사업(2단계전환사업),865.416
874,울산,재해없는산업현장지원,103.6
875,울산,인공지능기업육성지원사업,380.0
876,인천,굴뚝자동측정기기설치ㆍ운영관리비지원,33.5
877,인천,소규모영세사업장방지시설설치지원(지원),240.4
878,인천,소규모영세사업장방지시설지원(직접),532.8
879,인천,악취개선사업,21.2
880,인천,악취방지시설개선지원및운영(남동구지역),1025.2
881,인천,중소기업환경개선을위한이자지원,38.0
882,인천,인천형핵심성장콘텐츠제작지원,500.0
883,인천,XR콘텐츠산업육성콘텐츠산업육성,1000.0
884,인천,글로벌스케일업캠퍼스운영,3000.0
885,인천,로봇산업육성,1800.0
886,인천,뷰티도시조성,800.0
887,인천,연구개발(R&D)활성화지원,1000.0
888,인천,바이오클러스터조성지원,730.0
889,인천,미래자동차산업육성지원,2200.0
890,인천,마을기업육성사업(지원),32.5
891,인천,사회적경제생태기반조성,1537.615
892,인천,산업기술기반조성사업,578.0
893,인천,특허및지식재산권활성화,2850.0
894,인천,지역수출특성화사업,355.0
895,인천,수출인프라확충및해외마케팅지원,1680.07
896,인천,스마트공장구축지원,2000.0
897,인천,우수기업육성및지원,88.0
898,인천,중국마케팅전담지원,500.0
899,인천,중소기업경영안정자금지원,31743.1
900,인천,중소기업기술교류,200.0
901,인천,품질경영지원및품질분임조경진대회,62.0
902,인천,중소기업지원및육성,35125.288
903,인천,지역산업마케팅지원(전환-직접)(전환사업),1560.0
904,인천,지역특성화산업육성(중소기업디자인개발지원)(전환-직접)(전환사업),2429.0
905,인천,소상공인전용노란우산공제가입지원,2000.0
906,인천,소상공인경쟁력강화지원(보조),488.965
907,인천,소상공인경영안정지원,28888.525
908,인천,전통시장활성화,1389.12
909,인천,식품진흥기금의효율적운용관리,320.4
910,인천,지역주도형청년일자리지원사업(직접),422.623
911,인천,창업보육지원(국가직접지원),785.0
912,인천,창업보육지원(직접),1885.0
913,인천,창조경제혁신센터운영지원,1880.0
914,인천,청년정책추진및일자리지원,6373.865
915,인천,FTA활용지원(국가직접지원),110.0
916,인천,글로벌강소기업육성사업지원(국가직접지원),640.0
917,인천,지역맞춤형일자리창출사업,700.0
918,인천,악취방지시설개선지원및운영(서북부지역),1020.1
919,인천,산학연지역혁신사업,200.0
920,인천,중소기업제조물배상책임보험지원,100.0
921,인천,중소기업협동조합활성화지원,110.0
922,인천,중소기업관련단체지원,280.0
923,인천,협동조합활성화사업,98.065
924,인천,반도체후공정소부장산업경쟁력강화(국가직접지원),1100.0
925,인천,반도체산업대·중소기업동반생태계조성(국가직접지원),1000.0
926,인천,인천기업조달정보지원사업,200.0
927,인천,반도체후공정소부장기업혁신역량강화,280.0
928,인천,바이오기업해외진출지원,600.0
929,인천,산학연협력기술개발사업,500.0
930,인천,전통시장활성화(지원),1680.119
931,전남,관광진흥기금운영,12000.0
932,전남,중소기업금융지원,20448.62
933,전남,중소기업금융지원(기금),105000.0
934,전남,튜닝부품선도기업맞춤형지원사업(전환사업),960.0
935,전남,기업부설연구소연구개발역량강화사업,68.0
936,전남,지역수요맞춤형연구개발사업(전환사업),3000.0
937,전남,전남형강소기업육성사업(전환사업),1000.0
938,전남,품질경진대회개최및참가지원,33.62
939,전남,뿌리산업선도기업육성4단계(전환사업),4200.0
940,전남,전남농공단지기업맞춤형특화지원사업(전환사업),1000.0
941,전남,조선산업클러스터구축,463.72
942,전남,산학연연계농공단지입주기업연구개발(전환사업),1000.0
943,전남,FTA활용지원및대응(국가직접지원사업),75.0
944,전남,지역SW품질역량센터운영지원(국가직접지원),64.0
945,전남,지식재산(IP)기업육성지원사업(국가직접지원),1382.8
946,전남,청년근속장려금지원,1500.0
947,전남,지역산업마케팅지원(전환사업),2220.0
948,전남,농수산지역산업마케팅지원(전환사업),1270.0
949,전남,프로젝트형수산수출기업육성,120.9
950,전남,글로벌강소기업육성사업(국가직접지원),580.0
951,전남,소상공인및전통시장·상점가디자인개발지원사업(전환사업),600.0
952,전남,전통시장활성화,161.88
953,전남,중소기업판로지원,156.525
954,전남,우수전통시장상품전시판매전개최(국가직접지원),45.0
955,전남,전남형예비마을기업육성,98.8
956,전남,해양수산창업투자지원센터,850.0
957,전남,공예문화산업육성,143.0
958,전남,상품브랜드디자인및마케팅전략개발사업(전환사업),1000.0
959,전남,마을기업경영컨설팅및판로지원(전환사업),684.0
960,전남,사회적경제성장지원,1037.9
961,전남,정부출연연구기관협력사업,40.9
962,전남,전남중소기업연구개발혁신성장플랫폼구축운영,100.0
963,전남,지역SW기업성장지원사업,150.0
964,전남,소상공인보호및경쟁력강화,1420.02
965,전남,전남자영업종합지원센터지원,470.0
966,전남,전라남도중소기업일자리경제진흥원지원,1074.0
967,전남,전통시장및중소유통물류기반조성사업(전통시장시설현대화)(전환사업),5851.0
968,전남,전통시장화재공제가입지원,70.0
969,전남,중소기업융합및인증사업지원,60.0
970,전남,혁신성장을위한스마트공장보급확대,4905.62
971,전남,도내투자기업보조금지원,4449.4
972,전남,지방투자촉진보조금,497.0
973,전남,스타기업육성사업(국가직접지원),730.0
974,전남,에너지신산업연구개발및사업화지원사업,400.0
975,전남,여성소기업육성사업,94.86
976,전남,중소기업육성활성화,42.552
977,전남,대학창업보육센터지원(국가직접지원),151.62
978,전남,순천대초기창업패키지운영지원(국가직접지원),150.0
979,전남,굴뚝자동측정기기설치및유지관리지원,43.5
980,전남,1인창조기업지원센터지원(국가직접지원),50.0
981,전남,창조경제혁신센터예비창업패키지운영지원(국가직접지원),500.0
982,전남,미래형자동차튜닝부품기술개발사업(국가직접지원),300.0
983,전남,천일염수출활성화지원,60.0
984,전남,해외온라인쇼핑몰운영(전환사업),1410.0
985,전남,바우처지원사업(국가직접지원),498.0
986,전남,수산물해외시장개척지원,50.0
987,전남,수산물유통네트워크판매망구축,30.0
988,전남,수출용수산가공식품포장재지원,64.8
989,전남,웰에이징대응천연물신약개발지원사업,51.8
990,전남,e-모빌리티해외수출지원,100.0
991,전남,친환경농자재박람회참가지원,10.0
992,전남,전남신용보증재단보증지원,3300.0
993,전남,"지역주력산업육성(에너지신산업,국가직접지원)",859.0
994,전남,ICT융복합지역개발기업지원사업,600.0
995,전남,통상애로해소및수출경쟁력강화,1577.96
996,전남,전남농수산식품세계일류상품화지원,300.0
997,전남,테크노파크입주기업지원사업(국가직접지원),150.0
998,전남,유기가공식품인프라구축,27.0
999,전남,사회적경제가치저변확대,168.5
1000,전남,농수특산물도지사품질인증제추진,153.1
1001,전남,가공시설현대화,922.0
1002,전남,벼건조저장시설지원,976.3
1003,전남,마을기업육성,167.17
1004,전남,소규모사업장대기오염방지시설설치,624.0
1005,전남,사회적기업육성지원,832.2
1006,전남,전남형지역연계청년창업지원(지방소멸대응기금),1230.0
1007,전남,전통장류명품화추진,109.7
1008,전남,광양벤처밸리육성지원,200.0
1009,전남,상권활성화(구상권르네상스)사업,2957.0
1010,전북,소상공인지원자금이차보전,13284.0
1011,전북,성공창업지원,590.0
1012,전북,혁신성장R&D+사업(1차)(전환사업),4800.0
1013,전북,기업부설연구소활성화지원,90.0
1014,전북,중소기업기술융합활성화사업(1차)(전환사업),400.0
1015,전북,R&D기술사업화지원사업(1차)(전환사업),1800.0
1016,전북,탄소복합재공정장비활용중소기업사업화지원(1차)(전환사업),400.0
1017,전북,특장차산업활성화및산업생태계모델구축(1차)(전환사업),750.0
1018,전북,융복합SW강소기업육성(1차)(전환사업),600.0
1019,전북,벤처기업육성사업지원,210.0
1020,전북,전북시제품제작지원사업,200.0
1021,전북,청년일자리창출,1799.032
1022,전북,일자리창출사업,817.48
1023,전북,지역산업마케팅지원(1차)(전환사업),2900.0
1024,전북,수출새싹기업지원사업(국가직접),93.0
1025,전북,전북특별자치도해외통상거점센터운영,560.0
1026,전북,탄소응용제품공공구매마케팅지원(1차)(전환사업),650.0
1027,전북,중소기업제품판로개척,672.0
1028,전북,중소기업제품공공구매확대,40.0
1029,전북,창업지원기반조성,322.0
1030,전북,창업보육센터활성화지원(국가직접),300.0
1031,전북,전북특별자치도선도기업육성사업(1차)(전환사업),4700.0
1032,전북,전북특별자치도도약기업육성사업,1700.0
1033,전북,"글로벌강소기업육성사업1,000+프로젝트-강소(국가직접)",600.0
1034,전북,전북특별자치도돋움기업육성사업,2700.0
1035,전북,뿌리기업그린환경시스템구축지원사업,210.0
1036,전북,소상공인창업경영개선,2124.0
1037,전북,영세소상공인지원,2592.0
1038,전북,전통공예산업육성,105.2
1039,전북,지식재산창출지원사업(국가직접지원),1010.0
1040,전북,기술개발제품인증취득지원,64.0
1041,전북,농기계·부품기술고도화지원사업,300.0
1042,전북,중소기업공제사업기금대출사업이차보전,100.0
1043,전북,소상공인지원특례보증,2700.0
1044,전북,식품위생업소시설개선융자사업,500.0
1045,전북,전북특화방위산업육성지원,1000.0
1046,전북,전북특별자치도디자인산업육성,207.0
1047,전북,농수산식품수출바이어초청상담,40.0
1048,전북,농수산식품해외시장개척지원,685.0
1049,전북,마을기업지원,419.194
1050,전북,사회적경제판로지원,411.4
1051,전북,사회적경제기업지원,466.0
1052,전북,사회적경제지원,1630.0
1053,전북,중소기업디자인개발지원사업(1차)(전환사업),1900.0
1054,전북,전통시장화재공제가입지원,50.0
1055,전북,지역주도형청년일자리,911.707
1056,전북,조선기자재친환경·스마트기술지원사업(1차)(전환사업),400.0
1057,전북,금융혁신벤처창업지원사업,300.0
1058,전북,연구개발장비공동활용지원,150.0
1059,전북,굴뚝원격감시체계구축및운영,51.0
1060,전북,예비창업패키지지원(국가직접),200.0
1061,전북,창업도약패키지지원(국가직접),250.0
1062,전북,스마트공장보급·확산사업(국가직접지원),2380.0
1063,전북,소기업혁신역량강화지원사업(1차)(전환사업),2400.0
1064,전북,지역특성화산업전문인력양성(1차)(전환사업),2550.0
1065,전북,지역맞춤형일자리창출사업,1150.25
1066,전북,전북특별자치도수출통합지원센터운영,650.0
1067,전북,중소기업맞춤형입찰정보서비스지원,40.0
1068,전북,수질자동측정기기설치및운영지원,20.852
1069,전북,AI빅데이터전문인력양성사업,180.0
1070,전북,농공단지입주기업경영활성화지원,400.0
1071,전북,중소기업환경개선사업(2차)(전환사업),538.097
1072,전북,창창한창업스쿨운영,115.0
1073,전북,기후테크창업기업성장지원,540.0
1074,전북,스타트업전북챌린지사업,200.0
1075,전북,미래차부품전환지원사업,400.0
1076,전북,탄소소재활용방산관련기업기술사업화지원(전환사업),480.0
1077,전북,바이오지역산업역량강화지원사업,1200.0
1078,전북,전북형스마트제조혁신프로젝트,5600.0
1079,전북,전북형기술혁신기업(이노비스기업)육성지원사업,150.0
1080,전북,체감형홀로그램기술사업화지원,206.4
1081,전북,중소기업역량강화지원,185.0
1082,전북,중소기업육성자금지원,18270.0
1083,전북,맞춤형기술인력교육지원사업,511.0
1084,전북,여성취업확대지원(직접),143.12
1085,전북,식품기업창업프로그램운영지원(1차)(전환사업),400.0
1086,전북,기능우수인력양성,717.927
1087,전북,전통시장장엔정장보기도우미지원,618.192
1088,전북,중소기업환경개선사업,733.0
1089,전북,여성취업확대지원(지원),100.98
1090,전북,전북특별자치도우수·유망중소기업선정지원,222.0
1091,전북,여성기업활성화지원,34.0
1092,전북,장애인기업경영혁신프로그램운영,10.0
1093,전북,전북특별자치도투자보조금지원,42180.22
1094,전북,벼건조저장시설지원사업,184.0
1095,전북,RPC집진시설개보수지원,231.0
1096,전북,해양수산창업투자지원센터운영,700.0
1097,전북,소규모영세사업장방지시설지원,119.0
1098,전북,중장년기술창업활성화(국가직접),40.0
1099,전북,전북형창업패키지지원,400.0
1100,전북,지역맞춤형일자리창출자치단체지원(2차)(전환사업),2018.3
1101,전북,데이터기반서비스·기술기업창업지원,300.0
1102,전북,전북특별자치도유망스타트업스케일업100,180.0
1103,전북,스포츠산업예비·초기창업지원(국가직접),20.0
1104,전북,탄소기업우수조달등록맞춤형지원사업,70.0
1105,전북,전통시장환경개선사업(1차)(전환사업),3107.91
1106,전북,시장경영지원사업(국가직접),27.48
1107,전북,특성화시장육성사업(국가직접),50.0
1108,전북,인공지능(AI)기술활성화지원사업,200.0
1109,전북,육아휴직대체인력근로자지원,300.0
1110,전북,전북특별자치도혁신기업육성사업,500.0
1111,전북,초등학부모10시출근제도입중소기업지원,90.0
1112,전북,전북특별자치도형ILP서비스지원사업,300.0
1113,전북,화장품기업수출및인력양성지원사업,105.0
1114,전북,상권활성화사업,593.6
1115,제주,중소기업육성자금지원,41359.5
1116,제주,골목상권경쟁력강화,1475.202
1117,제주,관광산업민간투자지원,12000.0
1118,제주,기업기술지원(성인지예산),688.3
1119,제주,융복합기술산업화지원,170.0
1120,제주,지식재산창출지원,1411.48
1121,제주,도내ICT・SW기업육성,98.966
1122,제주,청년취업지원,5338.3
1123,제주,중장년취업지원,3198.0
1124,제주,일자리정책지원,687.7
1125,제주,지역주도형청년일자리사업(성인지예산),262.009
1126,제주,통상수출지원,2561.697
1127,제주,수출산업마케팅행사지원,173.0
1128,제주,지역산업마케팅지원(전환사업),580.0
1129,제주,중소기업제품판로지원,1709.437
1130,제주,공동물류지원,1521.13
1131,제주,중소기업제품마케팅강화,299.0
1132,제주,지역경제활성화시책지원,304.368
1133,제주,창업활성화지원,1030.0
1134,제주,수산산업창업투자지원사업(성인지예산),500.0
1135,제주,중소기업빅데이터활용지원,40.0
1136,제주,농촌자원복합산업화지원(전환사업),1510.0
1137,제주,감귤유통처리및시설현대화(전환사업),6237.99
1138,제주,기업경영지원,563.95
1139,제주,제주향토강소기업적극육성,240.0
1140,제주,착한가격업소활성화지원,193.375
1141,제주,기업지방이전촉진,1271.58
1142,제주,여성및장애인기업육성지원(성인지예산),70.0
1143,제주,사회적경제조직육성,1852.736
1144,제주,굴뚝원격감시체계구축,30.0
1145,제주,지역전략산업육성사업(기업지원서비스),919.657
1146,제주,소상공인지원(성인지예산),1792.3
1147,제주,사회적기업사업개발(제주시),70.0
1148,제주,사회적기업사회보험료(제주시),300.0
1149,제주,사회적기업사회보험료(서귀포시),64.39
1150,제주,수출증대및해외시장개척(제주시),39.0
1151,제주,지역노사민정협력활성화지원(협의회사업지원)(성인지예산),2880.045
1152,제주,마을기업육성(전환사업),162.636
1153,제주,마을기업육성사업(제주시),70.0
1154,제주,마을기업육성사업(서귀포시),50.0
1155,제주,지역디지털기업경쟁력강화,547.23
1156,제주,수출지원(서귀포시),15.0
1157,제주,전통시장마케팅지원,307.595
1158,제주,사회적기업육성(성인지예산),988.89
1159,제주,소규모방지시설설치지원사업,20.0
1160,제주,푸드테크산업육성,515.0
1161,제주,제주관광경쟁력강화추진,3946.796
1162,제주,여성일자리창출사업(성인지예산),547.1
1163,제주,제주특화산업육성지원,5148.503
1164,충남,식품위생업소시설개선,200.0
1165,충남,중소기업수출기반구축,3626.194
1166,충남,지역산업마케팅지원(해외시장개척)(전환사업),3700.0
1167,충남,농촌자원복합산업화지원(도)(전환사업),300.0
1168,충남,농촌자원복합산업화지원(시군자본)(전환사업),2955.9
1169,충남,공예문화산업육성,123.0
1170,충남,사업개발비지원,150.0
1171,충남,지역산업육성지원,1511.0
1172,충남,충남디스플레이품질고도화및사업화지원사업,500.0
1173,충남,소상공인지원,2475.6
1174,충남,기업활동지원,147.86
1175,충남,소상공인노란우산공제가입지원,780.0
1176,충남,소상공인사회보험료지원,207.0
1177,충남,중소기업제품구매촉진및판로확대,515.0
1178,충남,중소기업육성기금운용,30000.0
1179,충남,수산식품포장재지원,115.02
1180,충남,수산물소비촉진지원및해외시장개척,200.0
1181,충남,고용우수기업지원,145.7
1182,충남,굴뚝자동측정기기설치·운영관리비지원,103.0
1183,충남,소규모사업장방지시설설치지원,280.08
1184,충남,영세배출사업장기술지도,80.0
1185,충남,충남콘텐츠기업지원센터운영(국가직접지원),395.0
1186,충남,스마트공장구축지원(국가직접지원),855.8
1187,충남,지역지식재산창출·창업지원사업(국가직접지원),2164.0
1188,충남,국가기술거래플랫폼사업(국가직접지원),270.0
1189,충남,지역특화(주력)산업육성지원(국가직접지원),2428.0
1190,충남,"글로벌강소기업1,000+프로젝트(국가직접지원)",600.0
1191,충남,TV홈쇼핑입점지원,320.0
1192,충남,소상공인특례보증이자보전,7500.0
1193,충남,충남FTA통상진흥센터(국가직접지원),220.0
1194,충남,메이커스페이스운영(국가직접지원),43.0
1195,충남,충남경제인아카데미운영,20.0
1196,충남,지역주도디지털혁신지원,150.0
1197,충남,충남자동차부품산업위기예방대응,1364.445
1198,충남,중소기업행사지원,118.6
1199,충남,벼건조저장시설지원,897.89
1200,충남,해양수산창업투자지원센터,850.0
1201,충남,마을기업육성,18.0
1202,충남,시군구연고산업육성사업(국가직접지원),240.0
1203,충남,지역창업가육성지원,454.5
1204,충남,태안청년창업지원,194.0
1205,충남,창업보육센터및기업지원(국가직접지원),1000.0
1206,충남,중장년기술창업센터구축(국가직접지원),20.0
1207,충남,지능형의지보조및의료용자동이동기기트랙레코드구축사업(국가직접지원),325.0
1208,충남,디지털연계흡수성소재융복합의료산업전문인력육성(국가직접지원),100.0
1209,충남,소상공인단체활성화,237.216
1210,충북,e-기업사랑센터운영,112.7
1211,충북,기업애로지원센터운영,89.08
1212,충북,기업정주여건개선사업,2200.0
1213,충북,소상공인육성자금이차보전,8599.167
1214,충북,여성기업육성및지원,74.75
1215,충북,우수전통시장선정지원,51.0
1216,충북,장애인기업육성및지원,28.2
1217,충북,우수시장박람회지원,110.0
1218,충북,전통시장마케팅지원,133.0
1219,충북,전통시장및상점가도우미운영지원,122.04
1220,충북,전통시장시설현대화사업(전환사업),2033.091
1221,충북,전통시장주차환경개선사업(건립),100.0
1222,충북,전통시장화재공제가입지원,71.805
1223,충북,전통시장활성화를위한특화사업발굴지원,36.0
1224,충북,중소기업TV홈쇼핑지원사업,150.0
1225,충북,중소기업공제사업이차보전,175.0
1226,충북,중소기업육성자금이차보전,7986.391
1227,충북,중소기업육성자금지원,50000.0
1228,충북,중소기업협동조합활성화지원,71.6
1229,충북,무역통상사업(전환사업),3385.0
1230,충북,농식품해외마케팅지원(전환사업),1100.0
1231,충북,굴뚝자동측정기기운영관리비지원,22.5
1232,충북,국내식품전시회참가지원,90.0
1233,충북,수출농식품가공공장시설현대화,30.0
1234,충북,지역우수전통주활성화지원,10.8
1235,충북,농촌공동체회사우수사업지원(전환사업),46.0
1236,충북,마을기업육성사업(전환사업),310.0
1237,충북,사회적기업활성화지원사업,42.692
1238,충북,협동조합활성화추진,10.0
1239,충북,고부가가치바이오산업연구개발사업육성,350.0
1240,충북,바이오창업아카데미운영(전환사업),160.0
1241,충북,K-의료기기국내외학회및박람회참가지원,150.0
1242,충북,이노비즈(Inno-Biz)인증획득지원사업,10.8
1243,충북,뿌리기술산업경쟁력강화지원,360.0
1244,충북,시설개선융자지원,500.0
1245,충북,ICT벤처중소기업기술개발지원,180.0
1246,충북,소기업형스마트공장구축지원,576.0
1247,충북,스마트공장보급확산사업(대응),1755.03
1248,충북,솔라밸리조성,134.2
1249,충북,충북태양광발전자금이차보전,43.144
1250,충북,창업여성지원,45.0
1251,충북,유기가공식품인증비용지원,10.037
1252,충북,유기가공식품포장재지원,47.25
1253,충북,고용우수기업지원사업,377.0
1254,충북,청년창업우수기업맞춤형지원,146.2
1255,충북,청년행복일터지원,513.5
1256,충북,수도권이전기업지원,2763.0
1257,충북,공공기관연관산업기업유치등지원사업,200.0
1258,충북,화장품뷰티산업엑스포개최(전환사업),2500.0
1259,충북,글로벌강소기업육성사업,515.0
1260,충북,메이커스페이스구축·운영지원사업,100.0
1261,충북,전통시장특성화추진,212.25
1262,충북,지식재산창출지원및창업촉진,2062.0
1263,충북,창업도약패키지지원사업,150.0
1264,충북,충북창조경제혁신센터운영지원,1500.0
1265,충북,지역주력산업육성사업(대응),4386.0
1266,충북,ICT디바이스랩운영,120.0
1267,충북,도내투자기업지원,3364.0
1268,충북,농식품수출기업육성지원(전환사업),310.0
1269,충북,국제통상기반조성,94.615
1270,충북,무역기반조성(전환사업),3450.0
1271,충북,중소기업매출채권보험가입지원,180.0
1272,충북,남성육아휴직1호기업지원,65.0
1273,충북,영세기업위기극복컨설팅,72.0
1274,충북,중부권스마트공장테스트베드활용지원사업,150.0
1275,충북,중소기업제조물배상책임(PL)보험가입지원,20.0
1276,충북,충북스타트업액셀러레이팅지원,265.0
1277,충북,화장품산업마케팅지원(전환사업),440.0
1278,충북,자동차부품기업국내외마케팅지원(전환사업),74.0
1279,충북,반도체글로벌마케팅지원사업(전환사업),320.0
1280,충북,반도체시장·기술컨설팅지원사업(전환사업),320.0
1281,충북,지역주도형청년일자리사업(시군),50.422
1282,충북,일자리지원센터지원사업,467.3
1283,충북,기숙사임차비지원사업,300.0
1284,충북,청년신성장산업인력취업지원사업,115.608
1285,충북,중장년고용지원사업,231.0
1286,충북,바이오기업GMP인증지원사업(전환사업),162.0
1287,충북,지역화장품산업경쟁력강화(전환사업),210.0
1288,충북,자동차부품인증지원,100.0
1289,충북,승강기산업경쟁력강화지원사업,34.2
1290,충북,이차전지기술·시장경쟁력강화지원,400.0
1291,충북,바이오국제공동연구사업(전환사업),144.0
1292,충북,기타지역특성화산업육성(천연물산업)(전환사업),1356.0
1293,충북,차세대의료기기기술개발지원(전환사업),400.0
1294,충북,가속기장치선도기술개발지원사업,700.0
1295,충북,이노비즈기업경쟁력강화사업,135.0
1296,충북,자동차기업선도기술연구개발지원(전환사업),700.0
1297,충북,스마트승강기첨단기술개발지원사업,180.0
1298,충북,중소기업중대재해방지컨설팅,180.0
1299,충북,마을기업육성사업(지원),13.0
1300,충북,4차산업혁명선도기업육성사업,500.0
1301,충북,시군경쟁력강화산업육성사업,480.0
1302,충북,소부장전문기업육성지원사업,135.0
1303,충북,소부장지원전문가스테이션운영,135.0
1304,충북,소규모사업장방지시설설치지원(시군),260.64
1305,충북,소규모사업장방지시설설치지원,190.4
1306,충북,혁신도시발전지원센터지원사업(전환사업),307.0
1307,충북,충북창업스타티움운영지원,102.0
1308,충북,충북형도시근로자지원사업,1330.911
1309,충북,다목적자동차사업전환혁신지원사업,500.0
1310,충북,특장차수소파워팩기술지원기반구축,1200.0
1311,충북,소재·부품·장비분야기술개발지원사업(전환사업),1600.0
1312,충북,자동차부품산업경쟁력고도화지원(전환사업),500.0
1313,충북,청년소상공인창업응원금지원,384.22
1314,충북,기업ESG경영지원,100.0
1315,충북,중소기업빅데이터활용컨설팅지원,180.0
1316,충북,ICT산업경쟁력강화지원사업,116.1
1317,충북,지역산업맞춤형일자리창출지원사업,519.764
1318,충북,상권활성화사업,2843.16
